0,15751,1062,5497,12427,6602,10493,10151,2556,10672,2893,1544,1807,7367,14114,13811,902,12248,12733,11912,8022,3163,10679,3643,2850,8215,902,12238,13628,15198,15576,2258,10632,1902,11517,12159,15259,7498,10197,7370,3957,10262,12083,14888,11582,11244,8333,12472,12656,9932,6451,11334,12993,1599,10527,10157,15278,10274,3292,10751,900,6539,9425,2644,10454,7376,1765,5476,12744,1927,11158,4217,12460,13232,4404,12018,11070,6714,7757,6286,10385,8178,3500,9635,9683,3952,2232,2897,6991,17544,2324,7391,32014,13595,1036,12029,36699,8837,11272,10810
16749,0,18050,10352,5132,9327,6665,6642,17070,6140,15258,17333,13623,20986,3243,3061,16134,4952,3881,4617,8141,19241,7145,11298,13425,8636,15815,4942,3175,380,1441,18071,6100,16415,4881,3574,441,21117,5317,20989,11340,7323,5477,1730,4240,4945,8754,5011,5604,6643,20070,4049,2879,15195,10072,10774,2120,7335,18777,7242,16174,12383,8011,15677,8249,20995,14445,10332,5448,17272,3700,14967,5164,4081,20634,4786,5085,20333,13984,19905,7184,9541,19318,9281,8643,14702,16746,17410,9094,1702,18814,21010,13817,2487,16825,4733,9818,22456,3987,6024
1154,16466,0,4096,13142,7317,11208,10866,1806,11486,1828,1579,2166,5001,13678,14526,1744,12963,12839,12627,8737,2527,9867,4340,3213,8930,2064,12953,14343,15913,16291,1370,11445,2091,12396,13102,15974,4605,10912,7154,4654,9449,11691,15603,12297,12198,9048,11660,11844,10647,3840,12049,13708,536,9715,9345,15993,9462,2404,11466,1719,5138,10140,1579,11169,6941,1531,4076,13459,1284,11873,2865,13175,13947,3533,12629,11785,6636,6945,3439,9573,6035,2628,10774,8871,2601,2140,2261,5590,18259,1512,6667,16663,14310,1705,12744,20964,4610,11987,11525
4979,14142,4288,0,10818,4349,8884,8542,6804,4742,2789,6188,3853,9872,11635,12122,5570,10639,6422,10303,6413,8193,3584,2363,3186,4861,5888,10629,12224,13589,13113,6104,4702,6546,5711,6685,13650,8433,5257,10017,2676,3488,4947,13279,9973,5514,4830,9617,5186,8323,8167,9725,11384,3620,3059,2645,13669,3500,6434,9142,5544,1764,7816,3202,6224,9803,4110,701,11135,5031,9549,1391,10851,11623,8452,6212,5653,9499,4902,8291,3625,3875,7865,4027,2873,1960,5885,7851,1827,12785,3920,9529,10702,11986,5680,10420,15002,9271,9663,9201
13920,5542,15222,10733,0,6498,1284,2300,14241,4968,12430,14505,10795,18158,1905,1602,13305,273,2986,1078,5313,16413,6473,8470,10597,5808,12987,964,1419,3271,2579,15243,4928,13587,3693,2386,3332,18289,4128,18160,8511,6650,4306,1808,2066,3757,5926,4339,4931,2405,17242,992,784,12367,7244,7946,1136,6663,15949,1645,13346,9555,3017,12849,3223,18167,11617,10712,535,14444,1542,12139,781,1023,17805,3598,3896,17505,13312,17077,6511,6713,16490,6453,7971,11874,13918,14582,9851,3164,15985,18182,13145,1432,13997,756,9172,19628,930,1143
8009,10086,9311,4234,6763,0,4828,4486,8330,5007,6519,8594,4277,12247,8449,8147,7394,6583,7068,6247,1845,10502,4720,1968,3274,2038,7076,6573,7964,9533,9912,9332,4967,7676,5853,6495,9594,12378,4532,12250,2013,5014,6419,9223,5918,5579,2156,7131,6754,4268,11331,5669,7328,5852,4196,2882,9613,5026,10038,5086,7435,3057,3761,6938,4790,12256,5111,4214,7079,8533,5494,4595,6795,7568,11894,6353,5406,11594,8548,11166,4759,1533,10579,3458,4010,5963,8007,8671,3353,11880,10075,12271,12227,7931,8086,6364,16528,13717,5607,5146
11958,6527,13259,8770,1284,4536,0,1278,12279,4196,10467,12543,8833,16195,3197,2894,11343,1237,2776,1287,3351,14450,5464,6507,8635,3606,11025,992,2711,5974,3871,13281,4155,11625,2645,2203,6035,16327,3082,16198,6549,5857,3535,5664,1625,2710,3963,3330,3923,1383,15279,1075,2092,10404,5281,5726,2699,5869,13987,971,11384,7593,1995,10887,2232,16204,9654,8750,749,12481,1201,10177,1877,1107,15843,2551,2849,15543,13278,15114,5503,4493,14527,4490,6347,9911,11955,12619,7889,8320,14023,16219,12136,4371,12035,1413,16437,17666,1013,316
11864,7217,13165,6674,2408,4442,1407,0,12185,2917,10373,12449,8739,16102,2942,2639,11249,2644,2583,2601,2408,14357,4186,4829,8541,2328,10931,2399,2368,6664,3616,13187,2877,11531,1367,2008,6725,16233,1802,16104,5142,4775,2256,3241,1447,1431,2446,2645,2644,351,15185,1615,2153,10310,3748,4445,2439,4787,13893,1032,11290,5918,991,10793,954,16110,9560,6653,1871,12387,1007,10083,3926,1951,15749,1866,1570,15449,11437,15021,4224,3281,14433,2942,5068,9818,11861,12526,6214,4201,13929,16125,10858,5062,11941,3495,15158,17572,1553,1438
2369,17643,2207,6742,14320,8494,12385,12043,0,11321,2817,1492,3824,3316,13514,15704,3109,14140,12675,13804,9914,1004,9702,7098,4985,10107,2791,14130,15521,17090,17469,1002,11281,885,12232,12938,17151,2921,11836,4866,6818,9285,11527,16780,13475,12034,10225,11496,11680,11825,2156,13226,14885,2193,9550,9181,17170,9297,1708,12643,2121,9590,11318,2567,12347,4873,3188,6721,14636,880,13051,3805,14352,15125,1848,12464,12963,4211,6780,1754,9409,10071,944,10610,8706,3540,932,1053,9122,19437,1750,3340,29511,15488,1617,13921,20799,2926,13164,12703
9964,7273,9273,3891,5247,4510,4246,3271,10443,0,8045,10810,8838,13511,3508,4023,11750,6316,2507,5980,3171,11831,1268,5592,8594,3090,11432,5238,3425,8352,5655,9743,787,11327,1797,2770,6529,12072,1342,13655,5905,1558,1033,5684,3447,1599,2737,1978,1272,2865,11805,4454,4992,8605,1766,2299,4809,1570,10073,3871,10950,3034,2707,8464,2204,13442,9095,3871,4710,10514,3849,7025,6528,4790,12090,2297,1738,13138,8541,11930,1307,3373,11504,1440,2151,6946,11374,11490,3265,5327,9700,13168,7646,7663,10936,6097,11947,12910,4392,4277
2964,16131,2354,2969,12807,6982,10873,10531,3136,8625,0,3503,2811,9054,10817,11304,3559,12628,9978,12292,8402,4007,7006,4385,3258,8595,3878,12618,11406,15578,12295,2275,8584,4020,9535,10241,15639,7615,9140,9198,4698,6588,8830,15268,10961,9337,6918,8799,8983,10312,7348,11714,13373,1687,6853,6484,15658,6600,3181,11131,3532,4011,9805,1101,10835,8985,2176,2948,13124,3207,11538,1690,12840,13612,4228,9768,9476,8680,4083,4006,6712,5964,3680,7913,6010,1130,4067,4183,3756,11967,1537,8711,13802,13975,3629,12409,18102,8452,11652,11190
1431,17465,1270,6379,14142,8316,12207,11865,1127,10959,2547,0,2886,4323,13151,15526,2341,13963,12312,13627,9737,1625,9340,5060,3933,9929,2135,13952,15343,16913,17291,721,10919,1189,11869,12576,16974,3927,11474,6456,5397,8923,11164,16602,13297,11672,10048,11133,11317,11647,3162,13048,14708,1255,9188,8818,16993,8935,1756,12466,1184,9228,11140,2297,12169,6462,2250,6359,14459,382,12873,3585,14174,14947,2855,12102,12785,5800,6418,2760,9046,9893,1950,10247,8344,3321,1238,1359,8760,19259,1481,6160,16136,15310,803,13744,20437,3932,12986,12525
2067,14094,2371,4028,10770,4945,8836,8494,4585,9015,3039,3276,0,8501,12457,12154,1718,10591,11076,10255,6365,6756,8773,2173,1380,6558,2036,10581,11972,13541,13919,3980,8975,3931,9860,10503,13602,8632,8540,8504,2484,8355,10426,13231,9925,9587,6676,10566,10761,8275,7585,9677,11336,2168,6365,5952,13621,8368,5324,9094,2632,5070,7768,2963,8798,8510,1426,4008,11087,3659,9501,2749,10803,11575,8149,10361,9414,7849,5851,7420,8479,4200,6833,7978,7777,2484,4261,4925,5522,15887,3713,8525,15569,11938,2768,10372,19870,9972,9615,9153
6833,21569,6971,9340,18245,12420,16311,15969,3993,13920,9903,6379,9440,0,16112,16599,7035,18066,15273,17730,13840,3153,12301,11703,10779,14033,6717,18056,16701,21016,17590,5557,13879,5461,14830,15536,21077,819,14435,1554,10744,11883,14125,20706,16256,14632,14151,14094,14278,15750,1699,17152,18811,6957,12148,11779,21096,11895,3386,16569,6098,12188,15243,6335,16272,1427,7767,9319,18562,6682,16976,9038,18278,19050,2305,15063,14771,857,9378,1836,12007,13087,2857,13208,11305,9074,5458,3654,11720,17262,5905,24,25818,19413,5872,17847,30502,709,17090,16628
12726,4427,12036,7671,2302,13589,3091,3357,13205,3246,10807,13572,11600,16273,0,887,20395,2297,986,3193,5176,14594,4463,7597,11356,5095,20077,2823,733,3163,2147,12505,3205,20677,2168,862,3036,14834,2604,16418,7910,4641,2583,2548,1528,2233,4638,2329,2922,3014,14568,2247,2006,11368,4075,4772,2125,4653,12835,2277,13713,6893,3758,11227,3721,16204,11857,7650,2295,13276,1935,9788,3083,2313,14853,1994,2372,15900,11303,14692,4502,5335,14266,3745,5961,9708,21008,14252,6413,2154,12462,15930,11136,3294,21087,2871,7607,15672,2185,2847
14208,3723,15509,8513,1659,6786,2667,2933,14529,3423,11650,14792,11082,17116,738,0,13592,1654,1440,2550,4752,16700,5306,7173,10884,4671,13274,2399,309,3198,2179,13348,3383,13874,2147,841,3070,15676,2583,17260,7486,5483,2760,2495,1097,2211,4789,3172,3764,2695,15410,1858,1363,12210,4252,4949,1693,5495,13678,1957,13633,7735,3334,12069,3297,17047,11904,8492,1871,14731,1552,10630,2440,1889,15695,2052,2351,16742,12145,15534,5344,5167,16777,3723,6804,10550,14205,14869,7255,2551,13304,16773,11978,2773,14284,2228,8005,16514,1796,2461
1232,14847,1856,5954,11524,5698,9589,9247,4161,9768,3688,2441,2266,7674,13210,12908,0,11344,11829,11008,7118,4104,9486,3953,3306,7311,1067,11334,12725,14294,14673,2978,9728,3507,10614,11256,14355,6445,9293,7676,3673,19181,11180,13984,10679,10340,7429,11892,11514,9028,5871,10430,12089,2395,9049,8506,14374,19194,4012,9847,1797,6997,8522,3439,9551,7682,2224,5934,11840,2824,10255,4675,11556,12329,6435,11114,10167,7021,16677,5706,9524,7275,4431,8731,18603,4410,3490,4359,8734,16641,3119,7698,32529,12692,1934,11125,37213,9352,10368,9906
13904,5526,15206,9632,170,6482,1236,2252,14225,4920,12414,14489,10779,18142,1857,1554,13289,0,2938,1062,5297,16397,6425,8454,10581,5792,12971,974,1371,3548,2531,15227,4880,13571,3645,2338,3609,18273,4080,18144,8495,6602,4258,2006,2018,3709,5910,4291,4883,2357,17226,944,736,12351,7228,7930,1358,6614,15933,1597,13330,9539,2969,12833,3175,18151,11601,9611,487,14428,1494,12123,951,975,17789,3550,3848,17489,13264,17061,6463,6697,16474,6437,7923,11858,13902,14566,8374,3116,15969,18166,13097,1719,13981,740,9124,19612,882,1095
12245,4564,11555,7190,2639,7110,2938,3257,12724,2631,10326,13091,11120,15792,1049,1295,13917,2634,0,3386,5076,14113,3983,7498,10876,4996,13599,3093,1289,5643,2946,12024,2590,14199,1781,758,3819,14353,2611,15937,7811,4160,1968,3225,1425,2239,4644,1849,2441,3019,14087,2298,2343,10887,3460,4157,2673,4172,12354,2228,13232,6412,3659,10746,3622,15723,11376,7169,2564,12796,1826,9307,3420,2644,14372,1378,2379,15419,10822,14211,4021,5340,13785,3298,5480,9227,13656,13771,5932,2618,11981,15450,10655,3971,13217,3208,14955,15191,2236,2798
13823,5445,15124,10635,1018,6401,1200,2478,14144,5027,12333,14408,10698,18061,2704,2402,13208,838,3785,0,5216,16316,7583,8373,10500,5710,12890,320,2219,4892,3379,15146,4986,13490,3845,3186,4953,18192,4282,18063,8414,7450,4735,4582,2655,3911,5829,5139,5123,2398,17144,1168,1583,12269,7146,7849,2206,7462,15852,1823,13249,9458,3196,12752,3433,18069,11519,10615,842,14346,2026,12042,1050,1200,17708,3751,4050,17408,15144,16980,7622,6616,16392,6355,8469,11777,13820,14485,9754,7239,15888,18084,13337,3290,13900,586,9971,19531,1106,1345
6783,9169,7088,4856,5845,1918,3595,2620,10763,2699,6957,11027,5321,14680,4971,4669,9827,5666,4612,5330,0,12935,2367,3012,4317,510,9509,5656,4397,8616,5646,11765,2658,10109,3396,4038,8677,14811,2238,14682,3325,2658,3961,8306,3476,2806,628,4675,3969,2363,13764,3803,4341,6893,1931,2627,4948,2670,11102,3220,9868,4100,2057,7376,1703,14689,6151,4835,4059,10966,3346,5639,5878,4139,14327,3896,2633,14027,9570,13599,2406,1395,13012,1614,3250,6401,10440,11104,4396,10962,10729,14704,10093,7013,10519,5447,14394,16150,3741,3626
2974,17926,2813,7277,14603,8777,12668,12326,1004,12848,3793,2098,5798,2832,16290,15987,3393,14423,14908,14088,10197,0,10238,7382,6723,10390,3075,14413,15804,17374,17752,2104,12807,1490,13693,14335,17435,2436,12372,4139,7101,9820,12062,17063,13758,13419,10508,12031,12215,12108,1671,13509,15168,2799,10085,9716,17453,9832,1821,12927,2464,10125,11601,3544,12630,4145,3794,7256,14920,1486,13334,4816,14635,15408,1364,14193,13246,3483,7315,1270,9944,10354,327,11810,9242,4552,1182,535,9657,19720,2745,2856,28783,15771,2201,14204,33468,2441,13447,12986
8626,7754,7935,3570,6559,4606,5675,4700,9104,2261,6707,9472,7500,12173,4658,5144,17784,7749,3929,7413,2986,10493,0,5934,7256,2905,17466,6667,5247,8833,6135,8405,2220,9989,3234,4207,7009,10734,2770,12317,6247,290,2460,9795,4869,3027,2554,2640,2693,4294,10467,5883,6263,7267,1206,2335,6382,302,8735,5300,9612,2474,4140,7126,3637,12104,7757,3550,6139,9176,5239,5687,7961,6218,10752,3734,3166,11799,7202,10592,746,3643,10166,1538,1861,5607,10036,10152,2312,5808,8361,11830,7504,10321,9598,7530,11804,11571,5821,5705
3771,12284,4077,2591,8961,2492,7026,6684,6842,5510,3947,4987,2309,10758,10648,10345,3432,8782,9266,8446,3404,9013,5453,0,1306,3151,3750,8772,10162,11732,12110,5694,5469,6187,8051,8693,11793,10889,5049,10761,635,5741,6817,11422,8116,7777,3120,11874,7056,6466,9842,7868,9527,3882,4929,4515,11812,5753,8691,7285,4343,3634,5959,4366,4514,10767,3140,2571,9278,5370,7692,2627,8994,9766,10406,8551,7604,10105,7158,9677,5492,2498,9090,4426,4743,3391,6518,7182,4085,14078,5372,10782,12955,10129,4479,8563,17255,12228,7805,7344
2468,13467,2773,2772,10144,4318,8209,7867,4690,5832,2642,3678,1342,10424,11830,11527,3060,9964,10449,9628,5738,5297,5633,1576,0,5931,3378,9954,11345,12914,13293,4390,5792,4036,9234,9876,12975,8984,5371,10568,1889,7958,6997,12604,9298,5941,4226,10169,7236,7648,8718,9050,10709,2578,5109,4695,12994,7970,6985,8467,3033,3814,7141,3061,8171,10354,1837,2751,10460,4061,8874,2302,10176,10948,9003,9734,5768,10050,5453,8842,8082,3271,5634,4749,4923,2086,4366,5031,4266,15260,4067,10081,15172,11311,3170,9745,19472,9822,8988,8526
10254,8980,11555,4941,5657,1408,3407,2432,10575,3099,7042,10839,5685,14492,5258,4955,9639,5478,5014,5142,402,12747,2770,3097,4682,0,9321,5468,4772,8428,5932,11577,3059,9921,3798,4441,8489,14623,2640,14494,3421,3060,4036,8118,3863,3209,713,5077,4372,2213,13575,3615,4153,7260,2333,2713,4760,3072,12283,3032,9680,4185,1869,7461,2106,14500,6520,4920,3871,10777,3439,6003,5690,3950,14139,4299,3036,13839,9667,13411,2808,1480,12823,2015,3334,6486,10251,10916,4481,10774,12319,14515,10496,6825,10331,5259,14796,15962,3553,3438
933,16099,1557,5655,12775,6950,10841,10499,2841,11020,3389,1828,1965,7057,14462,14159,910,12596,13081,12260,8370,5312,11038,3802,3008,8563,0,12586,13976,15546,15924,2543,10980,2187,11865,12507,15607,7188,10545,7060,3966,10621,12431,15236,11930,11592,8681,12831,12766,10280,6141,11682,13341,2096,10886,7579,15626,10633,3577,11099,1184,6698,9773,3139,10802,7066,1923,5635,13092,2211,11506,4376,12808,13580,6704,12366,11418,6404,8116,5976,10745,8526,5389,9983,10042,4111,2517,3181,7149,17892,2821,7081,31704,13943,1320,12377,36389,8527,11620,11158
13503,5125,14804,10315,1286,6081,1339,2617,13824,5996,12012,14087,10377,17740,2972,2670,12888,1106,4053,293,4895,15995,7263,8052,10179,5390,12570,0,2487,4572,4950,14826,5956,13169,3984,3454,4633,17871,5537,17743,8094,7553,5548,4262,2793,4050,5508,10116,10708,3397,16824,1307,1851,11949,6826,7528,2474,7565,15532,1961,12928,9138,4765,12431,5003,17749,11199,10294,981,14026,1889,11721,1318,1338,17388,3890,4189,17087,14823,16659,7301,6295,16072,6035,8149,11456,13500,14164,9433,6918,15568,17764,13643,2969,13580,887,10239,19210,1245,1483
15154,3415,16456,8349,1420,7732,2553,2819,15475,3638,11486,15739,12029,16952,574,272,14539,1415,1655,2312,4638,17647,5142,7059,11831,4557,14221,2198,0,2890,1871,13184,3598,14821,2362,1056,2763,15513,2798,17096,7372,5320,2975,2252,982,2426,4675,3008,3601,2581,15246,1814,1125,12047,4467,5164,1450,5332,13514,1843,14580,7571,3220,11905,3183,16883,12851,8329,1765,15678,1438,10466,2201,1845,15532,2267,2566,16579,11982,15371,5181,5053,17724,3938,6640,10387,15152,15816,7091,2387,13141,16609,11814,2534,15231,1990,7841,16351,1752,2417
16716,1080,18018,9972,5100,9294,6633,6610,17037,5760,15226,17301,13591,20954,2863,2681,16101,4920,3500,4584,8109,19209,6765,11266,13393,8604,15783,4910,2795,0,1060,18039,5720,16383,4501,3194,395,21085,4937,20957,11308,6943,5097,1698,3860,4565,8722,4631,5224,6611,20038,5873,2846,15163,7841,8737,2088,6955,15137,7210,16142,9194,7979,15645,8217,20963,14413,9952,5416,17240,4268,14935,5132,5905,20601,4406,4704,20301,13604,19873,6804,9509,19286,9249,8263,14670,16714,17378,8714,1322,18782,20978,13437,2475,16793,4701,9438,22424,5811,5992
16799,1544,18100,9362,5182,9377,6716,6692,17120,5069,15308,17384,13674,21036,2172,1990,16184,5003,2809,4667,8192,19291,6155,11348,13476,8686,15866,4993,2104,1018,0,18122,5029,16466,3810,2503,891,21167,4245,21039,11390,6333,4406,1781,3169,3874,8804,4021,4614,6693,20120,3798,3109,15245,7231,8127,1836,6345,14527,3918,16225,8584,8062,15728,8299,21045,14495,9342,5499,17322,3577,11479,5215,3829,20684,3715,4013,20384,12994,19955,6194,9591,19368,5386,7653,11399,16796,17460,8104,631,14153,21060,12827,2306,16876,4784,8747,17363,3736,6074
1899,18476,1670,5933,15153,9327,13218,12876,1319,10513,2275,1686,3545,5782,12706,13192,2809,14973,11866,14638,10747,2161,8894,5671,4544,10940,2662,14963,13295,17923,14183,0,10473,2203,11424,12130,17984,3243,11028,5926,5864,8477,10719,17613,12850,11226,11058,10687,10872,12658,2632,14059,15718,1895,8742,8372,18003,8489,1034,13476,1826,8782,12151,2026,13180,5713,2909,5913,15469,1390,13884,3264,15185,15958,2193,11656,11365,5408,5972,2159,8601,9681,1833,9802,7898,2998,2250,2200,8314,13856,1034,5439,15691,16321,1812,14754,19991,5180,13997,13536
10004,7314,9314,3932,5288,4551,4286,3311,10483,40,8085,10850,8879,13552,3549,4063,11791,6356,2548,6020,3211,11872,1308,5632,8635,3131,11473,5279,3465,8393,5695,9784,0,11368,1837,2810,6569,12112,1383,13696,5945,1599,1073,5724,3488,1639,2777,2018,1312,2906,11846,4494,5032,8646,1807,2340,4850,1611,10113,3912,10991,3074,2747,8505,2244,13482,9135,3911,4750,10555,3889,7066,6568,4830,12131,2338,1779,13178,8581,11970,1347,3413,11544,1480,2191,6986,11415,11530,3306,5368,9740,13209,7687,7704,10976,6137,11987,12950,4432,4317
2017,16989,1862,7626,13665,7840,11731,11389,885,11910,3701,1147,3494,5493,15352,15049,2455,13486,13971,13150,9260,1491,10587,6444,4541,9453,2137,13476,14866,16436,16814,1886,11870,0,12755,13398,16497,3805,11435,5496,6164,10170,12411,16126,12820,12482,9571,12380,12564,11170,3040,12572,14231,2400,10435,10065,16516,10182,2592,11989,1467,7633,10663,3452,11692,5502,2859,7606,13982,1087,12396,5311,13698,14470,2733,13256,12309,4840,7665,2639,10293,9417,1828,10873,9591,5046,561,1225,10007,18782,2625,5517,30140,14833,963,13267,34825,3810,12510,12048
11494,6574,10803,5442,4156,6032,3155,2179,11972,1552,9575,14039,10368,15041,2415,2930,12839,4392,1808,4393,3998,13361,2819,6420,10124,3918,12521,4147,2654,5205,4190,11273,1512,13121,0,1676,5078,13602,1530,15185,6733,3408,890,4590,2353,1159,3566,1279,1278,1941,13335,3363,3900,10135,2382,3079,4167,3421,11603,2780,12880,4585,2581,9994,2544,14972,10625,5422,3619,12044,2708,8555,5718,3698,13620,1203,1298,14667,10070,13459,2858,4264,13034,2220,3702,8475,13452,14116,4816,4628,11229,14698,9491,6854,13531,5288,13792,14439,3301,3185
13822,5010,12071,7706,2336,6400,2282,2547,14143,2582,10843,14407,10697,16309,956,1056,13207,2572,599,2628,4366,16315,3849,6787,10499,4286,12889,2335,1049,3747,2731,12541,2542,13489,1461,0,3619,14870,1897,16453,7100,4676,1920,3168,821,1526,3931,1714,2255,2309,14603,1541,2209,11403,3412,4109,2366,4689,12871,1572,13248,5615,2949,11262,2912,16240,11518,7685,1806,14345,1231,9823,3286,1886,14888,1330,1665,15935,11338,14727,3888,4628,16391,3038,4732,9743,13819,14484,6448,2737,12497,15966,10521,3619,13899,2748,8191,15707,1478,2142
16493,665,17794,13305,4876,9071,6409,6386,16814,8986,15002,17077,13367,20730,3308,3126,15878,4696,3946,4361,7885,18985,7210,11042,13169,8380,15560,4686,3240,445,1506,17816,8946,16159,4946,3640,0,20861,5382,20733,11084,7388,5543,1474,4306,5011,8498,5076,5669,6387,19814,5650,2623,14939,9816,10518,1864,7400,18522,6986,15918,12128,7755,15421,7993,20739,14189,13284,5193,17016,3444,14711,4908,5681,20378,4851,5150,20077,14050,19649,7249,9285,19062,9025,8708,14446,16490,17154,12423,1767,18558,20754,13883,2000,16570,4477,9883,22200,5588,5768
6756,21491,7018,8271,18168,12342,16233,15891,2663,12851,6436,6302,9363,669,15043,15530,6958,17988,14204,17653,13762,2287,11232,10947,10288,13955,6640,17978,15632,20938,16521,3175,12810,5384,13761,14467,20999,0,13366,1890,10666,10814,13056,20628,17323,13563,14073,13025,13209,15673,892,17074,18733,4641,11080,10710,21018,10827,3239,16491,6021,11119,15166,6187,16195,1897,7689,8250,18484,3787,16899,7969,18200,18973,1577,13994,13703,1044,8310,1016,10938,13919,1990,12139,10236,8006,5381,2787,10651,16193,5021,693,26618,19336,5794,17769,31303,561,17012,16551
8433,9182,10710,4661,4611,4516,3610,2634,11880,1114,9482,12247,7307,14948,2870,3385,13126,5679,2375,5344,3173,13268,2696,5594,6414,3152,12808,4602,3110,5661,4645,11180,1073,13408,1159,2132,5533,13509,0,15092,5907,3316,1492,5046,2809,961,2740,2437,1731,2228,13242,3818,4356,10042,1943,2640,4622,3328,11510,3235,13167,3701,2070,9901,1567,14879,10532,4641,4074,11951,3163,8462,5891,4154,13527,1658,1100,14575,9978,13367,2735,3438,12941,1781,3579,8383,13738,14403,5087,4652,11137,14605,8838,7027,13818,5460,13139,14347,3756,3641
6998,21733,7260,9954,18410,12584,16475,16133,6280,14534,10517,6544,9605,1579,16726,17213,7200,18230,15887,17895,14004,4423,12915,11189,10530,14197,6882,18220,17315,21181,18204,6172,14494,5626,15444,16151,21242,1986,15049,0,10908,12498,14739,20870,17565,15247,14315,14708,14893,15915,4023,17316,18975,7572,12763,12393,21260,12510,5009,16734,6263,12803,15408,7736,16437,594,7931,9934,18727,6847,17141,9653,18442,19215,3928,15677,15386,1168,9993,3858,12621,14161,4341,13823,11919,9689,5623,5972,12335,17876,6519,1526,26087,19578,6036,18011,30772,2209,17254,16793
4349,11642,4653,3166,8318,2493,6384,6042,6519,6563,4521,6783,2883,10436,10005,9702,3734,8139,8624,7803,3913,8691,6027,899,1880,4106,4184,8129,9519,11089,11467,7521,6523,5865,7408,8050,11150,10567,6088,10439,0,6315,7974,10779,7473,7135,4224,8687,8309,5823,9520,7225,8884,4458,5503,5089,11169,6328,8227,6642,4914,4208,5316,4940,6345,10445,3717,3145,8635,6722,7049,3374,8351,9123,10083,7909,6961,9783,7733,9355,6066,3073,8768,5525,5317,3965,6196,6860,4660,13435,5946,10460,13945,9486,6275,7920,18246,11906,7163,6701
9043,8171,8352,3041,6382,4033,5381,4405,9521,1962,7124,9889,7917,12590,4643,5158,18201,7452,3642,7117,2695,10910,417,5140,7673,2615,17883,6373,4559,9250,6553,8822,1922,10406,2931,3904,7427,11151,2477,12734,5452,0,2167,6818,4582,2734,2263,3057,2406,4000,10884,5589,6126,7684,916,1774,5944,12,9152,5006,10029,2184,3843,7543,3340,12521,8174,3020,5844,9593,4983,6104,7664,5924,11169,3432,2873,12216,7619,11009,456,2898,10583,1246,1300,6024,10453,10568,2415,6225,8778,12247,7921,8800,10015,7233,12222,11988,5526,5411
8369,9118,8674,6673,4234,4452,3233,2257,13685,2007,9810,13948,7243,15276,2493,3008,12749,5615,1998,5280,3109,15856,3600,5530,6350,3029,12431,4225,2732,5283,4268,11508,1967,13030,781,1755,5156,13836,641,15420,5843,3643,0,4668,2431,584,2676,2060,1679,1851,13570,3441,3979,10370,2837,3534,4245,3656,11838,2858,12789,5367,1692,10229,1503,15207,7738,6652,3697,13887,2786,8790,5827,3776,13855,1281,723,14902,10305,13694,3639,3373,15933,1782,4483,8710,13361,14025,5415,4274,11464,14933,10273,6963,13441,5396,14573,14674,3379,3264
16684,2069,17985,9794,1838,9262,3165,3622,17005,5116,15194,17269,13559,20922,2202,2020,16069,2022,3133,4552,8077,19177,6587,11234,13361,8572,15751,2806,1758,1875,1362,18007,5076,16351,3840,2534,1936,21053,4276,20924,11275,6764,4453,0,3200,3905,8690,4453,5045,3384,20006,2421,1485,15131,5946,6643,726,6777,14959,2647,16110,12319,4023,15613,3987,20930,14380,9773,2373,17207,2306,14903,2407,2452,20569,3745,4044,20269,13426,19841,6625,9477,19254,5417,8085,14638,16682,17346,8536,1946,18749,20946,13259,1296,16761,4669,8777,22392,2359,3024
13474,4462,14775,8123,2295,6052,1933,2199,13795,2999,11259,14058,10348,16725,1709,1341,12859,2520,1214,2569,4018,15966,4401,6439,10150,3937,12541,2275,1335,3937,2918,12957,2958,13140,1582,642,3810,15286,2017,16869,6752,5093,2336,3132,0,1646,4055,2131,2671,1961,15019,1491,2029,11820,3828,4525,2330,5105,13287,1223,12899,6167,2600,11679,2563,16656,11170,8102,1747,13997,883,10239,3245,1827,15305,1487,1785,16352,11755,15144,4439,4498,16043,3158,5283,10160,13471,14135,6865,3491,12914,16382,11073,3463,13551,2707,15373,16124,1429,1794
8099,8848,8404,6403,5525,4182,2925,1950,11937,1489,9540,13642,6973,15006,2613,3128,12442,5346,2118,5010,2840,15550,2754,5262,6081,2760,12124,3917,2852,8296,4388,11238,1448,12724,902,1875,5276,13567,371,15150,5575,3374,1465,4788,2160,0,2406,2180,1789,1544,13300,3133,3671,10100,2316,3013,3964,3386,11568,2550,12483,4520,1422,9959,1233,14937,7468,6383,3389,12009,2562,8520,5557,3469,13585,1401,139,14632,10035,13425,2792,3104,12999,1512,3636,8440,13055,13719,5145,4394,11194,14663,9426,6693,13134,5126,13726,14404,3071,2956
6625,9010,6930,4698,5687,1760,3437,2462,10605,2860,6799,10869,5162,14522,5288,4985,9669,5508,5044,5172,432,12776,2528,2853,4159,352,9351,5498,4802,8458,5962,11607,2819,9951,3557,4470,8519,14653,2399,14524,3166,2818,4122,8147,3893,2967,0,4835,4129,2243,13605,3645,4182,6735,2091,2469,4789,2831,10956,3062,9710,3942,1898,7218,1864,14530,5993,4677,3901,10807,3469,5481,5719,3980,14169,4056,2794,13869,9424,13440,2567,1236,12853,1775,3090,6243,10281,10946,4238,10804,8224,14545,10254,6855,10361,5289,14555,15992,3583,3467
11235,5988,10544,6179,3964,6445,2963,2593,11713,1964,9316,12081,10109,14782,2223,2738,13252,4200,1222,4249,4411,13102,2826,6832,9865,4330,12934,3955,2463,7067,4370,11014,1923,13534,1115,1485,5243,13343,1944,14926,7145,3150,1301,4399,2162,1573,3978,0,1285,2354,13076,3171,3708,9876,2793,3490,3975,3162,11344,2588,12221,4592,2993,9735,2956,14713,10366,6159,3427,11785,2564,8296,4785,3506,13361,1011,1712,14408,9811,13201,2865,4675,12775,2631,3709,8216,13864,12761,4921,4042,10970,14439,9498,5145,13944,4375,13799,14180,3109,2993
11346,8787,10655,6290,3979,5855,2977,2002,11824,1375,9427,13862,10152,14893,2238,2752,12662,4214,1742,4171,3821,15770,2641,6242,9976,3741,12344,3970,2477,5028,4012,11125,1335,12944,526,1499,4901,13454,1353,15037,6555,3261,712,4413,2176,982,3388,1753,0,1764,13187,3185,3723,9987,2205,2902,3990,3273,11455,2603,12703,4407,2404,9846,2367,14824,10477,6270,3441,11896,2531,8407,5497,3521,13472,1026,1121,14519,9922,13312,2679,4086,12886,2042,3523,8327,13274,13939,5032,4019,11081,14550,9313,6632,13354,5066,13613,14291,3123,3008
11513,7068,12814,6567,2382,4091,1381,406,11834,2811,10022,12098,8388,15750,3232,2929,10898,2618,2988,2451,2364,14005,4080,4723,8190,2222,10580,2373,2746,6515,3906,12836,2771,11180,1588,2414,6576,15882,1697,15753,6104,4699,2151,3535,1837,1652,2340,2866,2486,0,14834,1589,2127,9959,3642,4339,2733,4711,13542,1006,10939,5812,884,10442,848,15759,9209,6547,1845,12036,1228,9732,3777,1924,15398,2087,1465,15098,11361,14669,4119,3175,14082,2836,4963,9466,11510,12174,6108,8862,13578,15774,10752,4913,11590,3346,15053,17221,1527,1412
5780,20515,4408,7661,17191,11366,15257,14915,2417,12240,5387,3909,8386,1366,14433,14920,5981,17012,13594,16676,12786,2014,10622,10024,9100,12979,5663,17002,15022,19962,15911,2854,12200,3301,13151,13857,20023,954,12756,3207,9690,10204,12446,19652,14577,12953,13097,12415,12599,14696,0,16098,17757,4395,10469,10100,20042,10216,1943,15515,5044,10509,14189,5138,15218,2994,6213,7640,17508,3297,15922,7359,17224,17996,853,13384,13092,1740,7699,692,10328,11408,1718,11529,9626,7395,3184,2538,10041,15583,3972,1389,27092,18359,4818,16793,31776,806,16036,15574
12710,5909,14012,9523,791,5288,743,1738,13031,4655,11220,13295,9585,16948,2478,2175,12095,1030,2463,1078,3561,15203,5921,7260,9387,4065,11777,785,1992,5357,3152,14033,4614,12377,3102,1863,5418,17079,3537,16951,7301,6197,3965,2627,1534,3166,4174,3786,4379,1843,16032,0,1357,11157,5492,6187,1980,6209,14739,1081,12136,8345,2456,11639,2691,16957,10407,9502,257,13234,1011,10929,1573,614,16595,3007,3305,16295,12859,15867,5959,4954,15280,4677,6803,10664,12708,13372,8641,7703,14776,16972,12593,2340,12787,1205,9745,18418,521,602
14915,2812,16216,9459,1181,7493,2319,2637,15236,4965,13425,15500,11790,19153,1684,1381,14300,1176,2764,2072,4456,17408,6252,6877,11592,4375,13982,1959,1198,2618,1897,16238,4925,14582,3471,2165,2679,19284,3907,19155,9506,6429,4085,1378,1844,3536,4493,4118,4710,2399,18237,1575,0,13362,5796,6493,576,6441,14623,1661,14341,8681,3038,13844,3001,19161,12611,9438,1526,15438,1321,13134,1606,1606,18800,3377,3675,18500,13091,18072,6290,5329,17485,4990,7749,12869,14913,15577,8201,2482,14250,19177,12924,1434,14992,1750,8558,20623,1513,2178
1845,16952,1235,3558,13629,7803,11694,11352,2081,9942,1290,2271,2250,5276,12135,15013,2436,13449,11295,13114,9223,2903,8323,4451,3324,9416,2761,13439,14830,16400,16778,1717,9902,2783,10853,11559,16461,4881,10457,7501,4764,7906,10148,16089,12784,10655,9534,10117,10301,11134,4116,12535,14194,0,5896,5482,16479,7918,2752,11953,2412,4601,10627,1041,11656,7288,1615,3538,13946,1975,12360,2298,13661,14434,4553,11085,10794,6983,5401,3714,8030,6146,2904,6863,7327,2034,2830,2952,5052,18746,1895,7014,15120,14797,2396,13230,19420,4886,12473,12012
7106,8510,6451,3061,7353,3093,5332,4357,9544,1955,5222,9911,5980,12612,4594,5109,7697,7173,3593,6837,2098,10933,755,4266,5087,2017,17905,7163,4511,9589,6892,8844,1915,10428,2883,3856,7765,11173,2428,12757,4578,1046,2118,6769,4533,2685,1666,3063,2358,3951,10907,5540,6078,5783,0,860,5895,1059,9174,4957,10052,2204,3564,5642,3061,12543,6272,3041,5796,9615,4935,3949,7385,5875,11192,3383,2824,12239,7642,11031,794,1983,10605,1198,1321,6047,10475,10591,2436,6564,8801,12269,8481,8521,10037,6954,12781,12011,5478,5363
6182,12346,6038,2469,9023,2260,5480,4505,9304,2368,4810,9672,5056,12373,4776,5291,6772,8843,4280,8507,2475,10693,1779,3339,4163,2075,9336,8833,5015,11793,8230,8605,2328,10189,3064,4037,11854,10934,2593,12517,3652,2067,3142,11483,4714,2867,2044,4734,3382,4098,10667,5688,6226,5370,1107,0,6528,2079,8935,5105,6747,1508,3941,5229,3438,12304,5551,2448,5944,9376,5069,3536,9055,6023,10952,3564,3006,11999,7402,10792,1818,1407,10366,2222,1068,5807,10236,10351,2183,7902,8561,12030,9281,10191,6884,8624,13581,11771,5626,5511
16852,2236,18153,9654,1122,9430,2630,2896,17173,5224,15361,17436,13726,21089,1942,1640,16237,1305,2993,2203,8244,19344,6447,11401,13528,4634,15919,2104,1457,2042,1537,18174,5183,16518,3700,2394,2103,21220,4136,21092,11443,6624,4313,802,2103,3765,4752,4313,4905,2658,20173,1705,758,15298,6055,6752,0,6637,18881,1920,16277,12487,3297,15780,3260,21098,14548,9633,1656,17375,1580,15070,1705,1736,20737,3605,3904,20436,13286,20008,6485,5588,19421,5249,7945,14805,16849,17513,8396,2122,18917,21113,13119,1134,16928,1895,8637,22559,1643,2308
9031,8159,8340,3029,6369,4021,5368,4393,9509,1950,7112,9877,7905,12578,4631,5145,18189,7440,3630,7104,2683,10898,405,5128,7661,2603,17871,6361,4547,9238,6541,8810,1910,10394,2919,3892,7414,11138,2465,12722,5440,696,2155,6806,4570,2721,2251,3045,2394,3988,10872,5576,6114,7672,903,1762,5932,0,9140,4994,10017,2171,3831,7531,3328,12509,8162,3008,5832,9581,4971,6092,7652,5912,11157,3419,2861,12204,7607,10996,444,2886,10571,1234,1288,6012,10441,10556,2403,6213,8766,12235,7909,8788,10002,7221,12210,11976,5514,5399
2790,19250,2561,5602,15926,10101,13992,13650,1709,10181,3530,2606,4991,3702,12374,12860,3700,15747,11535,15411,11521,1821,8562,7965,6078,10334,4398,15737,12963,18697,13851,1034,10141,2594,11092,11798,18758,3290,10696,5403,8278,8145,10387,18387,12518,10894,10303,10356,10540,13431,2293,14833,16492,2548,8410,8041,18777,8157,0,14250,2746,8450,12924,3281,11557,5189,4356,5581,16243,2310,12919,4510,15959,16731,1362,11324,11033,4885,5640,1820,8269,9349,1494,9470,7567,3678,2323,1860,7982,13524,2115,4916,29288,17094,2731,15528,19659,3062,14771,14309
12240,7231,13542,9053,1365,4818,705,1268,12561,4185,10750,12825,9115,16478,2839,2537,11625,1603,2595,1652,3091,14733,5453,6790,8917,3595,11307,1359,2354,6678,3614,13563,4144,11907,2634,2022,6739,16609,3070,16481,6831,5730,3498,3143,1445,2699,3704,3318,3912,1373,15562,1196,1734,10687,5022,5717,2341,5742,14269,0,11666,7875,1986,11169,2221,16487,9937,9032,830,12764,1020,10459,2146,1188,16125,2539,2838,15825,12392,15397,5492,4484,14810,4207,6336,10194,12238,12902,8171,9025,14306,16502,12126,5076,12317,1779,16426,17948,1134,562
1190,17289,1359,5764,13966,8141,12031,11690,1660,11603,3190,644,2667,6551,15653,15350,1792,13787,12956,13451,9561,2266,9984,4535,3715,9754,1474,13777,15167,16737,17115,1365,11563,1290,13056,13698,16798,4571,11736,6554,4848,9567,11808,16427,13121,12782,9872,11777,11962,11471,3806,12873,14532,1900,9832,9462,16817,9579,2400,12290,0,6806,10964,2941,11993,6560,2032,5743,14283,1026,12697,4485,13999,14771,3499,12746,12609,5899,7062,3405,9690,9717,2594,10892,8988,4219,1337,2003,9404,19083,2125,6575,31199,15134,136,13568,21081,4576,12811,12349
6296,12787,5641,1997,9464,2643,6308,5333,8469,3084,4413,7505,5170,11537,5491,6006,6887,9285,4944,8949,3304,9857,2106,3456,4277,2902,7206,9274,5731,12235,8556,7769,3043,7864,3780,4753,12296,10098,3308,11681,3769,2394,3469,11924,5600,4036,2872,5061,3708,4926,9831,6516,7054,4973,1581,1167,7661,2406,8099,5934,6861,0,4770,4832,4266,11468,5463,1976,6772,8540,5909,3139,9496,6852,10116,4279,4175,11163,6566,9956,2144,2010,9530,2548,1395,3857,9400,9516,1371,8229,7725,11194,9607,10632,6998,9065,13908,10935,6454,6339
11198,8010,12499,6267,4687,3344,2122,1147,11519,2511,9707,11782,8073,15435,3500,3197,10583,4508,3143,4172,2001,13690,3778,4423,5728,1921,10265,3114,2926,7458,4174,12521,2470,10865,1927,2568,7519,15566,1396,15438,4736,4398,2164,7147,2005,1337,2039,3205,2499,894,14519,2330,2868,9644,3341,4039,3475,4411,12593,1747,10624,5511,0,10127,547,15444,8894,6246,2586,11721,1877,7050,4719,2666,15083,2426,1164,14783,11060,14354,3817,2877,13767,2538,4661,9151,11195,11859,5807,9804,13263,15459,10451,5855,11275,4289,14751,16906,2268,2153
2548,16493,1939,3194,13170,7344,11235,10893,2720,8882,935,3088,2396,6152,11074,11561,3144,12991,10235,12655,8765,3592,7263,4610,3483,8957,3462,12980,11663,15941,12552,1859,8841,3605,9792,10499,16002,4674,9397,9455,4923,6845,9087,15630,11218,9594,7143,9056,9240,10675,4063,12076,13736,1271,7111,6741,16021,6858,2765,11494,3117,4236,10168,0,11197,9242,1760,3173,13487,2792,11901,1914,13202,13975,3812,10025,9734,8938,4341,3590,6969,6188,3264,8170,6267,1649,3652,3767,4013,12224,1122,8968,14059,14338,3213,12772,18360,5512,12014,11553
7713,8072,8017,5785,4749,3406,2367,1392,11577,1961,7886,11840,6587,15493,3267,2964,10641,4569,2912,4234,2070,13748,3230,4491,5247,2042,10323,4559,2693,7520,3942,11714,1921,10922,1692,2336,7581,15624,848,15496,4804,3850,1931,7209,1772,1105,2011,2970,2266,985,14577,2575,3112,7823,2793,3490,3354,3862,12044,1992,10681,5029,828,8306,0,15502,7082,5764,2831,11779,1906,6567,4781,2910,14062,2196,931,14840,10512,14412,3269,2328,13825,1989,4113,7330,11253,11917,5325,4526,11671,15140,9902,5917,11332,4350,14203,14881,2513,2397
6801,21536,7063,9746,18213,12387,16278,15936,6083,14325,10308,6347,9408,1371,16518,17004,7002,18033,15679,17698,13807,4226,12706,10992,10333,14000,6684,18023,19414,20983,17995,5963,14285,5429,15236,15942,21044,1949,14840,538,10711,12289,14531,20673,17368,15038,14118,14500,14684,15718,3826,17119,18778,7599,12554,12184,21063,12301,4800,16536,6066,12594,15211,7527,16240,0,7734,9725,18529,6649,16944,9444,18245,19018,3719,15468,15177,971,9784,3661,12413,13964,4143,13614,11710,9480,5426,5775,12126,17668,6310,1318,25878,19381,5839,17814,30563,2000,17057,16596
1100,14731,1404,4201,11407,5582,9473,9131,3321,9652,2179,2309,636,8473,13094,12791,1690,11228,11713,10892,7002,3928,8946,2810,1681,7195,2008,11218,12608,14178,14556,3021,9612,2667,10497,11140,14239,6764,9177,8476,3121,8528,10770,13868,10562,10224,7313,10739,10923,8912,5477,10314,11973,1210,6538,6124,14258,8540,4357,9731,1665,5243,8405,2005,9434,8482,0,4180,11724,2692,10138,2921,11440,12212,5403,10998,10051,7820,6023,5076,8652,4502,4265,6301,7950,2656,2998,3662,5695,16524,2745,8497,15742,12575,1801,11009,20042,9943,10252,9790
5000,14162,4309,21,10839,4370,8904,8562,6825,4763,2809,6209,3874,9893,11656,12143,5590,10660,6443,10324,6433,8213,3604,2384,3206,4881,5908,10649,12245,13610,13134,6125,4723,6567,5732,6705,13671,8454,5278,10037,2697,3509,4968,13299,9994,5534,4851,9638,5207,8344,8187,9745,11404,3641,3080,2666,13689,3521,6455,9163,5565,1785,7837,3223,6245,9824,4130,0,11156,5051,9570,1411,10871,11644,8472,6232,5674,9519,4922,8312,3646,3896,7886,4047,2894,1981,5906,7872,1848,12806,3941,9550,10723,12007,5701,10440,15023,9291,9683,9222
14031,5653,15332,10843,535,6609,749,1741,14352,4657,12540,14616,10906,18269,2221,1919,13416,773,2469,822,3564,16523,5927,8581,10708,4067,13098,528,1736,5100,2896,15354,4617,13698,3108,1869,5161,18400,3543,18271,8622,6967,3971,2371,1540,3172,4177,3792,4385,1846,17352,433,1100,12477,5494,6190,1723,6979,16060,1087,13457,9666,2458,12960,2694,18277,11727,10823,0,14554,1016,12250,1316,464,17916,3013,3311,17616,13629,17188,5965,4956,16600,6563,6809,11984,14028,14693,9962,7447,16096,18292,12599,2083,14108,948,9488,19739,371,608
1486,17085,1326,7084,13762,7936,11827,11485,1180,12006,3158,611,2945,6071,15448,15145,2551,13582,14067,13246,9356,1786,10044,6540,3992,9549,2233,13572,14963,16532,16911,1332,11966,809,12852,13494,16593,4101,11531,6074,6260,9627,11869,16222,12916,12578,9667,11838,12022,11266,3336,12668,14327,1865,9892,9522,16612,9639,2367,12085,1241,6515,10759,2908,11789,6080,2309,7063,14078,0,12492,4192,13794,14566,3028,13352,12405,5418,7122,2934,9751,9513,2113,10969,9048,3928,856,1521,9464,18878,2089,6095,30718,14929,738,13363,35403,4106,12606,12144
12588,7579,13889,9400,1401,5166,1052,1616,12909,4225,11098,13173,9463,16826,2251,1948,11973,1637,2033,1686,3439,15081,5494,7138,9265,3636,11655,1392,1765,3944,2925,13911,4185,12255,2675,1434,3817,16957,3111,16828,7179,6275,3564,2555,1105,2740,3754,3359,3952,1659,15909,608,1146,11035,5056,5753,1753,6288,14617,961,12014,8223,2334,11517,2262,16834,10284,9380,864,13111,0,10807,2223,944,16473,2580,2879,16173,12937,15745,5532,4589,15157,4250,6376,10542,12585,13250,8519,3510,14653,16849,12166,2580,12665,1812,9518,18296,546,911
4293,15796,3602,1769,12472,6647,10538,10196,5807,8446,2103,5502,3167,8876,10639,11125,4884,12293,9800,11957,8067,5313,6827,3467,2923,5964,5202,12283,11228,15243,12116,5108,8406,5861,9357,10063,15304,7436,8961,9020,3542,6410,8652,14933,10783,9159,5934,8621,8805,9977,7170,11379,13038,2934,4322,3908,15323,6422,5438,10796,4858,2694,9470,2516,10499,8807,3424,1749,12789,4345,11203,0,12505,13277,7455,9589,9298,8502,3905,7294,6534,4979,6869,5289,5831,1275,5200,5322,2769,11789,3234,8533,13624,13640,4995,12074,17924,8274,11317,10855
13811,5433,15113,10624,561,6389,1309,2642,14132,6305,12321,14396,10686,18049,2247,1945,13196,381,3328,969,5204,16304,7572,8361,10488,5699,12878,855,1762,4881,2922,15134,6264,13478,4035,2729,4942,18180,4471,18051,8402,6993,4648,2397,2351,4100,5817,4681,5274,2747,17133,1334,1126,12258,7135,7837,1749,7005,15840,1988,13237,9446,3360,12740,3508,18058,11508,10603,845,14335,1827,12030,0,1366,17696,3940,4239,17396,15132,16968,7610,6604,16381,6344,8458,11765,13809,14473,9742,7227,15877,18073,13487,1791,13888,647,9514,19519,1272,1453
12854,6179,14156,7951,1063,5433,1319,1882,13176,4194,11364,13439,9729,17092,1913,1610,12239,1299,2002,1347,3706,15347,5463,6106,9531,3605,11921,1054,1427,3606,2587,14177,4154,12521,2644,1403,3479,17223,3080,17095,6419,6659,3534,2216,1074,2709,3723,3328,3921,1628,16176,574,808,11301,5025,5722,1415,6671,14883,891,12280,7195,2268,11783,2231,17101,10551,7930,526,13378,550,11073,1885,0,16739,2550,2848,16439,13320,16011,5501,4558,15424,4219,6345,10808,12852,13516,7491,3172,14920,17116,12135,2242,12931,1474,9180,18562,512,1175
3757,19072,3528,6546,15749,9923,13814,13472,1669,11125,4534,3161,5995,2733,13318,13805,4538,15569,12479,15233,11343,1182,9507,8527,7083,11536,4220,15559,13907,18519,14796,2001,11085,2554,12036,12742,18580,2321,11641,3940,8247,9089,11331,18209,13462,11838,11654,11300,11484,13253,1482,14655,16314,3515,9354,8985,18599,9101,1091,14072,3610,9394,12746,4285,13776,3727,5360,6525,16065,2549,14480,5514,15781,16553,0,12269,11977,3422,6584,1009,9213,10293,855,10414,8511,4682,2283,1683,8926,14468,3119,2391,27825,16917,3286,15350,32510,2092,14593,14131
13153,8357,14454,6965,2920,5731,2249,1879,13474,2347,10102,13738,10028,15568,1912,2011,12538,3156,1416,3239,3697,15646,3613,6118,9830,3617,12220,2945,2004,4561,3543,11800,2307,12820,795,1173,4434,14129,1230,15712,6431,3936,1684,3756,1151,859,3264,1478,2072,1640,13862,2161,2698,10662,3176,3873,2955,3948,12130,1578,12579,5380,2280,10521,2243,15499,10849,6945,2416,13676,1553,9082,3869,2496,14148,0,998,15195,10598,13987,3652,3962,15722,2371,4496,9003,13150,13815,5707,3693,11757,15225,10286,6202,13230,3331,14586,14967,2098,2148
13345,9024,14646,6903,4215,5923,3214,2237,13666,1988,10040,13929,10219,15506,2474,2989,12730,4451,1978,4407,3402,15837,3581,5823,6646,3321,12412,4206,2713,5264,4249,11738,1948,13011,762,1735,5137,14066,936,15650,6136,3873,1325,4649,2412,565,2972,2041,1660,1832,13800,3422,3959,10600,2818,3515,4226,3886,12068,2839,12770,5348,1984,10459,1799,15437,11041,6882,3678,13868,2767,9020,5733,3757,14085,1262,0,15132,10535,13924,3620,3670,15914,2077,4464,8940,13342,14006,5645,4255,11694,15163,10253,6868,13421,5302,14554,14904,3360,3244
6218,20953,6480,9181,17629,11804,15695,15353,5500,13761,9744,5763,8824,833,15953,16440,6419,17450,15114,17114,13224,3643,12142,10408,9749,13417,6101,17440,16542,20400,17431,5398,13720,4845,14671,15378,20461,1239,14276,906,10128,11725,13966,20090,16784,14473,13535,13935,14119,15134,2149,16536,18195,6799,11990,11620,20480,11737,4236,15953,5482,12030,14627,6963,15657,912,7151,9161,17946,6066,16360,8880,17662,18434,3155,14904,14613,0,9220,3077,11848,13381,3560,13049,11146,8916,4842,5192,11561,17103,5746,753,25662,18797,5256,17231,30347,1895,16474,16012
9640,9830,8950,3667,8635,4672,7678,6899,10119,4541,7721,10486,8515,13187,6734,7220,18798,14618,5894,14282,5095,11508,2922,5766,8271,4693,18480,8670,7323,10909,8211,9419,4501,11004,5452,6158,9085,11748,5056,13332,6079,2505,4747,11871,6878,5254,4663,4715,4900,6493,11482,7886,8339,8282,2770,2400,8458,2517,9749,7303,10627,2810,6421,8141,5917,13118,8771,3646,8142,10191,7279,6702,14829,8222,11767,5684,5393,12814,0,11606,2629,3709,11180,3830,1926,6622,11051,11166,2342,7884,9376,12845,9719,12397,10612,14398,14019,12586,7824,7709
3991,20091,3762,8134,16768,10942,14833,14491,1771,12713,4209,3263,7963,1698,14906,15392,5557,16588,14067,16253,12362,1344,11094,9547,8888,12555,5239,16578,17969,19538,19917,2159,12673,2655,13624,14330,19599,1084,13228,3597,9266,10677,12919,19228,15923,13426,12673,12888,13072,14273,473,15674,17333,3749,10942,10573,19618,10689,1820,15091,4621,10982,13766,3959,14795,3619,4832,8113,17084,2651,15499,7832,16800,17573,729,13856,13565,2215,8172,0,10801,12519,1016,12002,10098,5425,2384,1844,10514,16056,2742,1722,27717,17936,4394,16369,32402,1278,15612,15151
7566,8423,8602,3290,6245,3553,5244,4269,9771,1826,7374,10139,6440,12840,4506,5021,18451,7316,3505,6980,2239,11160,667,4726,5547,2159,18133,6236,4423,9502,6804,9072,1785,10656,2795,3768,7678,11400,2340,12984,5038,957,2030,6681,4445,2597,1807,2975,2269,3863,11134,5452,5989,7934,624,1320,5807,969,9402,4869,10279,2433,3707,7793,3203,12771,8424,3269,5708,9843,4847,6354,7527,5787,11419,3295,2736,12466,7869,11258,0,2443,10833,1110,1549,6274,10703,10818,2664,6477,9028,12497,8393,8663,10264,7097,12693,12238,5390,5274
5839,11221,6143,3909,7898,1135,4390,3415,9465,3344,6012,9729,4529,13382,5617,5314,5652,7718,5257,7382,1386,11637,3013,2220,3525,985,8211,7708,5042,10668,6291,10467,3304,8811,4041,4683,10729,13513,2884,13384,2533,3303,4606,10358,4122,3452,954,5320,4614,3009,12466,4598,5136,5949,2256,1684,5743,3315,10171,4015,6404,2673,2852,6432,2348,13390,5208,3889,4854,9667,3991,4693,7930,4934,13029,4541,3279,12729,8638,12301,3051,0,11714,2259,2304,5456,9141,9806,3449,13015,9797,13406,10517,9066,9221,7499,14817,13007,4536,4421
3187,18186,2959,6950,14863,9037,12928,12586,967,11529,3640,2358,6058,2504,13722,16247,3653,14683,12883,14348,10457,327,9910,7642,6983,10650,3335,14673,16064,17633,18012,1777,11489,1852,12440,14595,17694,2109,12632,4055,7361,9493,11735,17323,14018,13679,10768,11704,11888,12368,1344,13769,15428,2945,9758,9389,17713,9505,1494,13186,2724,9798,11861,3391,12890,4061,4029,6929,15179,1747,13594,4629,14895,15668,1036,12673,13506,3399,6988,942,9617,10614,0,10818,8915,5102,1442,797,9330,19980,2417,2528,28699,16031,2481,14464,33384,2114,13707,13246
7318,9664,7623,3712,6340,3388,4090,3115,10623,1108,6053,11850,6192,13691,3515,4030,10650,6161,3020,5825,2060,13757,1431,4482,5300,1980,10332,6151,3755,9111,5290,9923,1068,10932,1804,2777,9172,12252,1332,13835,4794,1721,2136,8801,3290,1606,1625,3081,2376,2709,11985,4298,4836,6613,994,1691,5268,1733,10253,3716,7883,2751,2552,6472,2049,13622,6687,3691,4554,10694,3691,4779,6373,4634,12271,2303,1745,13318,8721,12110,1473,2318,11684,0,2315,7126,11262,11926,3427,5297,9880,13348,8024,7508,11342,5942,12325,13090,4236,4121
6719,9482,7768,2442,9469,2707,5989,5014,8938,2571,6540,9305,5593,12006,5252,5766,7310,9290,4250,8954,3158,10326,1412,3879,4701,2756,17299,9280,5168,10560,7863,8238,2531,9822,3540,4513,8737,10567,3085,12150,4192,1700,2776,11930,5191,3342,2726,4367,3015,4608,10300,6197,6735,7100,888,474,6552,1713,8568,5614,9445,1585,4624,6959,3949,11937,7590,2422,6453,9009,5592,3562,9502,6533,10585,4040,3481,11633,7036,10425,1451,1943,9999,1855,0,5441,9869,9985,1816,7535,8195,11663,8914,10637,9431,9071,13215,11405,6135,6020
3173,15411,2563,2249,12088,6262,10153,9811,3453,8218,1056,3602,2783,8647,10410,10897,3768,11909,9571,11573,7683,4274,6599,3666,2539,7875,4087,11899,10999,14859,11888,2781,8177,4114,9128,9834,14920,7208,8733,8791,3979,6181,8423,14549,10554,8930,6199,8392,8576,9593,6941,10994,12654,1895,4587,4173,14939,6193,5209,10412,3741,3292,9086,1469,10115,8578,2385,2229,12405,3306,10819,970,12120,12893,7226,9361,9069,8273,3676,7066,6305,5244,4275,5554,5603,0,4161,4283,3743,11560,2483,8304,13395,13256,3724,11690,17695,8045,10932,10471
2344,18055,2183,7426,14731,8906,12797,12455,653,12976,3501,1466,3798,3667,16418,16115,3521,14552,13359,14216,10326,932,10387,7510,4846,10519,3203,14542,15932,17502,17880,1686,12936,859,13821,14464,17563,3271,12501,5764,7230,9969,12211,17192,13886,13548,10637,12180,12364,12236,2506,13638,15297,2168,10235,9865,17582,9982,2059,13055,2096,10274,11729,3252,12758,5770,3163,7405,15048,855,13462,4498,14764,15536,2199,14322,13375,5108,7465,2105,10093,10483,1294,11939,9391,4234,0,666,9806,19848,2394,3691,30408,15899,1592,14333,35093,3276,13576,13114
2738,17389,2276,7570,14066,8240,12131,11789,1298,12310,4107,1561,5261,5557,15752,15450,2855,13886,14371,13551,9660,812,10531,6845,6186,9853,2537,13876,15267,16836,17215,2300,12270,953,13156,13798,16897,3151,11835,5560,6564,10114,13722,16526,13221,12882,9971,12324,12509,11571,2563,12972,14631,2813,10379,10009,16916,10126,2115,12389,1927,10419,11064,3858,12093,5566,3579,7550,14382,1500,12797,5142,14098,14871,2256,13656,12709,4904,7609,2162,10237,9817,1139,11273,9535,4878,645,0,9951,19183,3038,5581,30204,15234,1684,13667,34889,3333,12910,12449
7036,9791,6345,1592,9699,3405,7764,6324,7514,3885,5116,7881,5910,10583,6695,7182,16194,9520,5553,9184,4039,8903,2332,3691,4513,3916,15876,9510,7284,10870,8173,6815,3844,8399,4858,5831,9047,9143,4394,10727,4004,1914,4083,12160,6493,4651,3885,4677,4317,5918,8877,7507,8301,5677,2193,1779,8419,1926,7144,6924,8022,735,5505,5536,5279,10513,6166,1572,10016,7586,6863,2983,9732,7842,9162,5358,4790,10209,5612,9001,2051,2931,8576,3162,1305,4017,8446,8561,0,7845,6771,10240,9128,10867,8007,9301,13428,9981,7445,8082
17102,1847,18404,9337,2903,9680,7019,6996,17423,5465,12473,17687,13977,21340,2257,2075,16487,5306,3197,4970,8495,19595,6129,11652,13779,8990,16169,5296,2189,1322,455,14171,5425,16769,3895,2588,1195,21471,4331,21342,11693,6307,4802,2084,3254,3959,9108,3995,4588,6997,16233,3883,3194,15549,7206,8101,1921,6319,14501,4004,16528,8559,8365,12893,5345,21348,14799,9316,3835,17625,3662,11453,5518,3914,16519,3800,4098,20687,12969,20259,6168,9895,19672,5471,7627,11374,17100,17764,8079,0,14128,17596,12801,2158,17179,5087,8832,17338,3821,6378
2674,15796,2445,5928,15956,10130,14021,13679,2122,10508,2149,2489,3610,5034,12700,13187,3584,15776,11861,15441,11550,3405,8889,5825,4698,10660,3466,15766,13289,16875,14178,1261,10467,3006,11418,12124,15051,4623,11023,6176,6138,8471,10713,18416,12844,11220,10629,10682,10866,12460,4137,14862,14306,2485,8736,8367,14424,8483,1647,14280,2630,8776,12954,1900,11883,5963,2975,5907,16273,2193,13246,3129,15988,16761,2694,11651,11360,5658,5966,3404,8595,9675,3078,9796,7893,2316,3053,3169,8308,13850,0,5689,15685,17124,2615,15557,19985,4394,14800,14339
6749,21484,6887,9256,18161,12335,16226,15884,3966,13835,9818,6295,9356,431,16028,16514,6951,17982,15189,17646,13756,3127,12216,11619,10694,13948,6633,17972,16617,20932,17505,5473,13795,5377,14746,15452,20993,793,14350,1470,10660,11799,14041,20621,16172,14548,14067,14010,14194,15666,1672,17067,18727,6873,12064,11694,21012,11811,3360,16485,6014,12104,15159,7037,16188,1343,7683,9235,18478,6598,16892,8954,18193,18966,2279,14978,14687,773,9294,1810,11923,13003,2831,13124,11220,8990,5374,3628,11636,17178,5820,0,25734,19329,5787,17763,30418,683,17005,16544
9447,7861,8756,3374,5759,4057,4758,3783,9925,1340,7528,10293,8321,12994,4020,4535,18605,6830,3019,6494,2729,11314,751,5216,8077,2648,18287,5750,3937,8939,6242,9226,1299,10810,2309,3282,7116,11555,1854,13138,5528,1041,1545,6196,3959,2111,2294,2490,1784,3377,11288,4966,5504,8088,1113,1810,5321,1053,9556,4383,10433,2517,3221,7947,2718,12925,8578,3353,5222,9997,4361,6508,7042,5302,11573,2809,2250,12620,8023,11413,789,2987,10987,957,1633,6428,10857,10972,2748,5915,9182,12651,0,8177,10418,6611,11652,12392,4904,4789
14924,2479,16225,11736,1302,7502,2494,4818,15245,7418,13434,15509,11799,19162,3285,2982,14309,1596,4305,1728,6317,17417,8684,9474,11601,6811,13991,1615,2799,2523,2016,16247,7377,14591,6184,3924,2584,19293,6958,19164,9515,8975,5902,1327,3476,6249,6930,5485,6077,4818,18245,2372,2164,13370,8247,8950,1569,8987,16953,3025,14350,10559,6187,13853,6424,19170,12620,11716,1837,15447,2921,13143,1215,2403,18809,5135,6283,18509,16245,18081,8723,7717,17493,7456,9570,12878,14921,15586,10855,2600,16989,19185,14291,0,15001,1406,10101,20632,2310,2668
1054,17153,1224,5628,13830,8004,11895,11553,1806,11560,3056,1148,2531,6573,15516,15214,1656,13650,12913,13315,9424,2288,9941,4398,3578,9617,1338,13640,15031,16600,16979,1381,11520,1311,12920,13562,16661,4606,11599,6575,4711,9524,11766,16290,12985,12646,9735,11734,11919,11335,3841,12736,14395,1760,9789,9419,16680,9536,2415,12153,504,6670,10828,2806,11857,6582,1895,5607,14146,1049,12561,4348,13862,14635,3533,12703,12473,5920,7019,3439,9648,9581,2629,10849,8945,4083,1358,2026,9361,18947,1988,6741,16738,14998,0,13431,21038,4611,12674,12213
13896,5787,15197,10708,459,6474,1088,2362,14217,5250,12405,14480,10771,18133,2145,1843,13281,279,3226,802,5289,16388,6713,8445,10573,5783,12963,662,1660,5234,2820,15219,5210,13563,3728,2627,5295,18264,4163,18136,8487,6891,4592,2295,2130,3792,5901,4579,5172,2467,17217,1054,1024,12342,7219,7921,1647,6903,15925,1707,13322,9531,3079,12825,3287,18142,11592,10687,623,14419,1606,12115,942,1085,17781,3633,3931,17481,13553,17052,6752,6688,16465,6428,8211,11849,13893,14557,9826,7581,15961,18157,13386,2007,13973,0,9412,19604,991,1232
19926,2603,21227,9015,2390,12504,3528,3930,20247,4608,12151,20511,16801,17618,1582,1401,19311,2385,2349,3281,11319,22418,5808,14476,16603,11813,18993,3168,1089,2078,1062,13850,4568,19593,3221,1914,1950,16178,3656,17762,14517,5985,3946,1653,2580,3285,11931,3674,4266,3692,15912,2783,2094,12712,6884,7779,1972,5997,14179,3329,19352,8237,4331,12571,4295,17548,17622,8994,2735,20449,2987,11132,2997,2815,16197,3126,3424,17244,12647,16036,5846,6388,22495,4797,7305,11052,19923,20588,7757,1069,13806,17275,12480,2209,20003,2959,0,17016,2721,3386
8038,22773,8300,8080,19450,13624,17515,17173,2793,12660,5920,7584,10644,827,14852,15339,8239,19270,14013,18934,15044,2417,11041,10443,9519,15237,7921,19260,15441,22220,16330,3387,12619,6666,13570,14276,22281,416,13175,2048,11948,10623,12865,21910,14996,13372,15355,12834,13018,16954,1023,18356,20015,5698,10889,10519,22300,10636,2477,17773,7302,10928,16447,5671,17477,2055,8971,8059,19766,3917,18181,7778,19482,20255,1386,13803,13512,1202,8119,1225,10747,11827,2121,11948,10045,7814,3613,2918,10460,16002,4505,851,26658,20618,7076,19051,31342,0,18294,17832
12772,5971,14074,9585,853,5351,805,1801,13094,4717,11282,13357,9647,17010,2540,2237,12157,1092,2525,1140,3624,15265,5983,7322,9449,4127,11839,847,2054,5419,3214,14095,4676,12439,3164,1925,5480,17141,3599,17013,7364,6259,4028,2689,1596,3228,4236,3848,4441,1905,16094,62,1419,11219,5554,6249,2042,6272,14801,1143,12198,8407,2518,11701,2753,17019,10469,9564,319,13296,1073,10991,1635,676,16657,3069,3367,16357,12921,15929,6021,5016,15342,4739,6865,10726,12770,13434,8703,7765,14838,17034,12655,2402,12849,1267,9807,18480,0,664
12105,7096,13406,8917,1568,4683,569,1133,12426,4051,10615,12690,8980,16343,2704,2401,11490,1806,2460,1856,2956,14598,5318,6655,8782,3462,11172,1562,2219,6543,3479,13428,4011,11772,2499,1887,6604,16474,2935,16345,6696,5595,3363,3008,1310,2564,3569,3183,3777,1238,15427,1061,1599,10552,4882,5582,2206,5607,14134,478,11531,7740,1851,11034,2088,16351,9801,8897,1033,12628,885,10324,2446,1397,15990,2404,2703,15690,12257,15262,5357,4349,14675,4076,6201,10059,12102,12767,8036,4064,14170,16367,11990,4941,12182,1982,16291,17813,999,0
